[{"model": "auth.group", "pk": 1, "fields": {"name": "gestor-portfolio", "permissions": [157, 158, 159, 160, 145, 146, 147, 148, 153, 154, 155, 156, 149, 150, 151, 152]}}, {"model": "auth.group", "pk": 2, "fields": {"name": "autores", "permissions": []}}, {"model": "auth.user", "pk": 1, "fields": {"password": "pbkdf2_sha256$1200000$ZJC4z5lLpwFuE63QwpKIxh$1SEGl9l4xPhN239cfyXKuosL2UxwL5rpoqB0PM6cv3U=", "last_login": "2026-07-16T20:45:14.532Z", "is_superuser": true, "username": "admin", "first_name": "", "last_name": "", "email": "admin@portfolio.com", "is_staff": true, "is_active": true, "date_joined": "2026-07-13T11:11:59Z", "groups": [1], "user_permissions": []}}, {"model": "auth.user", "pk": 2, "fields": {"password": "pbkdf2_sha256$1200000$tR67YGHy25a1f2q3nslJEp$8he8vbd3Jc3v6mX6o6gCP/HMpWKt69YR90LtoI5PWX0=", "last_login": "2026-07-16T18:45:46.236Z", "is_superuser": false, "username": "noname", "first_name": "", "last_name": "", "email": "", "is_staff": false, "is_active": true, "date_joined": "2026-07-16T18:45:45.804Z", "groups": [], "user_permissions": []}}, {"model": "auth.user", "pk": 3, "fields": {"password": "pbkdf2_sha256$1200000$t4frPJ47FetBSddYIkCutU$b8dAsRwKGO/j8YmNAAFRFXGRvlGUriQ37D+++EaQ59g=", "last_login": "2026-07-16T20:24:46.852Z", "is_superuser": false, "username": "publicar", "first_name": "", "last_name": "", "email": "", "is_staff": false, "is_active": true, "date_joined": "2026-07-16T20:24:46.467Z", "groups": [2], "user_permissions": []}}, {"model": "pessoas.pessoa", "pk": 1, "fields": {"nome": "Bruno", "idade": 33}}, {"model": "pessoas.pessoa", "pk": 2, "fields": {"nome": "Homer Simpson", "idade": 39}}, {"model": "pessoas.pessoa", "pk": 3, "fields": {"nome": "Tony Stark", "idade": 45}}, {"model": "escola.turma", "pk": 2, "fields": {"nome": "Hogwarts 5\u00baA", "ano_letivo": "5"}}, {"model": "escola.turma", "pk": 3, "fields": {"nome": "Hogwarts 5\u00baB", "ano_letivo": "5"}}, {"model": "escola.aluno", "pk": 2, "fields": {"nome": "Harry Potter", "numero": 1, "turma": 2}}, {"model": "escola.aluno", "pk": 3, "fields": {"nome": "Hermione Granger", "numero": 2, "turma": 2}}, {"model": "escola.aluno", "pk": 4, "fields": {"nome": "Ron Weasley", "numero": 3, "turma": 3}}, {"model": "escola.disciplina", "pk": 1, "fields": {"nome": "Po\u00e7\u00f5es", "professor": "Prof. Snape"}}, {"model": "escola.disciplina", "pk": 2, "fields": {"nome": "Voo", "professor": "Prof. Hooch"}}, {"model": "ginasio.socio", "pk": 1, "fields": {"nome": "Rocky Balboa", "numero_socio": 101, "data_inscricao": "2026-07-14"}}, {"model": "ginasio.socio", "pk": 2, "fields": {"nome": "Bruce Wayne", "numero_socio": 17, "data_inscricao": "2024-09-04"}}, {"model": "ginasio.modalidade", "pk": 1, "fields": {"nome": "Muscula\u00e7\u00e3o", "instrutor": "Goku"}}, {"model": "ginasio.modalidade", "pk": 2, "fields": {"nome": "BJJ", "instrutor": "Rickson Gracie"}}, {"model": "ginasio.inscricao", "pk": 1, "fields": {"socio": 2, "modalidade": 2, "data_inicio": "2026-07-14"}}, {"model": "ginasio.inscricao", "pk": 2, "fields": {"socio": 1, "modalidade": 2, "data_inicio": "2026-07-14"}}, {"model": "ginasio.inscricao", "pk": 3, "fields": {"socio": 1, "modalidade": 1, "data_inicio": "2026-07-14"}}, {"model": "receita.categoria", "pk": 1, "fields": {"nome": "Sobremesas"}}, {"model": "receita.categoria", "pk": 2, "fields": {"nome": "Pratos Principais"}}, {"model": "receita.ingrediente", "pk": 1, "fields": {"nome": "Ovos"}}, {"model": "receita.ingrediente", "pk": 2, "fields": {"nome": "Aveia"}}, {"model": "receita.ingrediente", "pk": 3, "fields": {"nome": "Banana"}}, {"model": "receita.receita", "pk": 1, "fields": {"nome": "Panquecas", "categoria": 1, "tempo_preparo": 15, "modo_preparo": "Juntar os ovos, a banana e a aveia num recipiente\r\nAquecer uma frigideira antiflatada em lume m\u00e9dio.\r\nDeitar uma concha de massa por panqueca e virar quando surgirem bolhas na superf\u00edcie.\r\nServir quentes, com o que preferires por cima.", "ingredientes": [2]}}, {"model": "loja.categoria", "pk": 1, "fields": {"nome": "Tecnologia"}}, {"model": "loja.categoria", "pk": 2, "fields": {"nome": "Vestu\u00e1rio"}}, {"model": "loja.produto", "pk": 1, "fields": {"nome": "Stark Phone", "preco": "999.90", "categoria": 1, "stock": 9}}, {"model": "loja.produto", "pk": 2, "fields": {"nome": "T-Shirt", "preco": "25.00", "categoria": 2, "stock": 20}}, {"model": "loja.cliente", "pk": 1, "fields": {"nome": "Tony Stark", "email": "tony@starkindustries.com"}}, {"model": "loja.cliente", "pk": 2, "fields": {"nome": "Peter Parker", "email": "peter@dailybugle.com"}}, {"model": "loja.venda", "pk": 1, "fields": {"cliente": 2, "data": "2026-07-14", "produtos": [1]}}, {"model": "festivais.festival", "pk": 1, "fields": {"nome": "Rock for All"}}, {"model": "festivais.dia", "pk": 1, "fields": {"festival": 1, "data": "2026-07-14"}}, {"model": "festivais.dia", "pk": 2, "fields": {"festival": 1, "data": "2026-07-15"}}, {"model": "festivais.palco", "pk": 1, "fields": {"nome": "Palco Mundo"}}, {"model": "festivais.palco", "pk": 2, "fields": {"nome": "Palco Vodafone"}}, {"model": "festivais.banda", "pk": 1, "fields": {"nome": "Nirvana", "estilo": "Grunge"}}, {"model": "festivais.banda", "pk": 2, "fields": {"nome": "Pearl Jam", "estilo": "Grunge"}}, {"model": "festivais.banda", "pk": 3, "fields": {"nome": "Queens of the Stone Age", "estilo": "Stoner Rock"}}, {"model": "festivais.concerto", "pk": 1, "fields": {"dia": 1, "banda": 1, "palco": 1, "hora": "22:30:00"}}, {"model": "festivais.concerto", "pk": 2, "fields": {"dia": 1, "banda": 2, "palco": 1, "hora": "21:00:00"}}, {"model": "festivais.concerto", "pk": 3, "fields": {"dia": 2, "banda": 3, "palco": 1, "hora": "22:00:00"}}, {"model": "festivais.espectador", "pk": 1, "fields": {"nome": "Eddie", "email": "eddie@email.com"}}, {"model": "festivais.bilhete", "pk": 1, "fields": {"espectador": 1, "dia": 1}}, {"model": "festivais.bilhete", "pk": 2, "fields": {"espectador": 1, "dia": 2}}, {"model": "portfolio.docente", "pk": 1, "fields": {"nome": "Cristiane Ferreira", "email": "crisfis@gmail.com"}}, {"model": "portfolio.docente", "pk": 2, "fields": {"nome": "CRISTINA MARIA RIBEIRO GUERRA", "email": "cristina.guerra@ulusofona.pt"}}, {"model": "portfolio.docente", "pk": 3, "fields": {"nome": "JOS\u00c9 ALEXANDRE SILVA PAREDES", "email": ""}}, {"model": "portfolio.docente", "pk": 4, "fields": {"nome": "RUTE MARIA DA SILVA PROEN\u00c7A MUCHACHO", "email": "rute.muchacho@ulusofona.pt"}}, {"model": "portfolio.docente", "pk": 5, "fields": {"nome": "SERGIO PEDRO MESTRE FERREIRA", "email": "sergiopmferreira@sapo.pt"}}, {"model": "portfolio.docente", "pk": 6, "fields": {"nome": "ANDRE VIEIRA VASSALO DA FONSECA", "email": "andre.fonseca@ulusofona.pt"}}, {"model": "portfolio.docente", "pk": 7, "fields": {"nome": "DIOGO SOARES PEREIRA GIL MORAIS", "email": "diogo.morais@ulusofona.pt"}}, {"model": "portfolio.docente", "pk": 8, "fields": {"nome": "RUI RIBEIRO", "email": "rui.ribeiro@ulusofona.pt"}}, {"model": "portfolio.docente", "pk": 9, "fields": {"nome": "Tomaz Saraiva", "email": "tomaz.saraiva@gmail.com"}}, {"model": "portfolio.docente", "pk": 10, "fields": {"nome": "Pedro Hugo de Queir\u00f3s Alves", "email": "pedro.alves@ulusofona.pt"}}, {"model": "portfolio.docente", "pk": 11, "fields": {"nome": "Bruno Miguel Pereira Cipriano", "email": "bcipriano@ulusofona.pt"}}, {"model": "portfolio.docente", "pk": 12, "fields": {"nome": "Pedro de Almeida Perdig\u00e3o", "email": "p5617@ulusofona.pt"}}, {"model": "portfolio.docente", "pk": 13, "fields": {"nome": "Herminio Miguel Sobral Tavares", "email": "hmiguel.tavares@ulusofona.pt"}}, {"model": "portfolio.docente", "pk": 14, "fields": {"nome": "Manuel Pita", "email": "manuel.pita@ulusofona.pt"}}, {"model": "portfolio.docente", "pk": 15, "fields": {"nome": "Iolanda Velho", "email": "iolanda.velho@ulusofona.pt"}}, {"model": "portfolio.docente", "pk": 16, "fields": {"nome": "Pedro Arroz Correia Bonif\u00e1cio Serra", "email": "pedro.serra@ulusofona.pt"}}, {"model": "portfolio.docente", "pk": 17, "fields": {"nome": "MARIA JOS\u00c9 DE ALMEIDA E SILVA", "email": "maria.almeida.silva@ulusofona.pt"}}, {"model": "portfolio.docente", "pk": 18, "fields": {"nome": "Jos\u00e9 Cascais Br\u00e1s", "email": "cascaisbras@gmail.com"}}, {"model": "portfolio.docente", "pk": 19, "fields": {"nome": "DANIEL FILIPE SOBRAL FERNANDES", "email": "daniel.fernandes@ulusofona.pt"}}, {"model": "portfolio.docente", "pk": 20, "fields": {"nome": "S\u00c9RGIO RODRIGUES NUNES", "email": ""}}, {"model": "portfolio.docente", "pk": 21, "fields": {"nome": "LUCIO STUDER FERREIRA", "email": "lucio.studer@ulusofona.pt"}}, {"model": "portfolio.docente", "pk": 22, "fields": {"nome": "JO\u00c3O LICINIO CABRAL DA SILVA", "email": "p1508@ulusofona.pt"}}, {"model": "portfolio.docente", "pk": 23, "fields": {"nome": "Sofia Naique", "email": "p6476@ulusofona.pt"}}, {"model": "portfolio.docente", "pk": 24, "fields": {"nome": "Maria da Concei\u00e7\u00e3o Gon\u00e7alves Costa", "email": "conceicao.costa@ulusofona.pt"}}, {"model": "portfolio.docente", "pk": 25, "fields": {"nome": "Brena Kelly Sousa Lima", "email": "brena.lima@ulusofona.pt"}}, {"model": "portfolio.docente", "pk": 26, "fields": {"nome": "Daniel Tom\u00e1s de Maia Mozart Silveira ", "email": "p6902@gmail.com"}}, {"model": "portfolio.docente", "pk": 27, "fields": {"nome": "Bruno D. Ferreira-Saraiva", "email": "bruno.saraiva@ulusofona.pt"}}, {"model": "portfolio.docente", "pk": 28, "fields": {"nome": "Zuil Pirola", "email": "zuilpirola@gmail.com"}}, {"model": "portfolio.docente", "pk": 29, "fields": {"nome": "Rui Filipe Guimar\u00e3es dos Santos", "email": "rui.filipe.santos07@gmail.com"}}, {"model": "portfolio.docente", "pk": 30, "fields": {"nome": "Ana Vieira dos Santos Cruz", "email": ""}}, {"model": "portfolio.docente", "pk": 31, "fields": {"nome": "Rodrigo Coutinho Correia", "email": "rodrigo.correia@ulusofona.pt"}}, {"model": "portfolio.docente", "pk": 32, "fields": {"nome": "Jo\u00e3o Pedro Craveiro", "email": "joao.craveiro@ulusofona.pt"}}, {"model": "portfolio.docente", "pk": 33, "fields": {"nome": "Jo\u00e3o Caldeira", "email": "jpalmela@gmail.com"}}, {"model": "portfolio.docente", "pk": 34, "fields": {"nome": "Martim Duarte Barja Mour\u00e3o", "email": "martim.mourao@ulusofona.pt"}}, {"model": "portfolio.docente", "pk": 35, "fields": {"nome": "Berend Willem Martijn Kuipers", "email": "martijn.kuipers@ulusofona.pt"}}, {"model": "portfolio.docente", "pk": 36, "fields": {"nome": "Jo\u00e3o Pedro Lavadinho Moreira", "email": "joaopedro.moreira@protonmail.com"}}, {"model": "portfolio.docente", "pk": 37, "fields": {"nome": "SOFIA DA SILVA FERNANDES", "email": ""}}, {"model": "portfolio.docente", "pk": 38, "fields": {"nome": "Francisco F. C. Rego", "email": "p7577@ulusofona.pt"}}, {"model": "portfolio.docente", "pk": 39, "fields": {"nome": "Thiago Gustavo Vieira de Paiva", "email": "thiago.gustavo@gmail.com"}}, {"model": "portfolio.docente", "pk": 40, "fields": {"nome": "Ricardo Serras Santos", "email": "p6221@ulusofona.pt"}}, {"model": "portfolio.docente", "pk": 41, "fields": {"nome": "LUIS GOMES", "email": "luis.a.gomes@ulusofona.pt"}}, {"model": "portfolio.docente", "pk": 42, "fields": {"nome": "Carlos Alberto Teixeira Igl\u00e9sias", "email": ""}}, {"model": "portfolio.docente", "pk": 43, "fields": {"nome": "Leonardo De Carlo", "email": "leonardo.de.carlo@ulusofona.pt"}}, {"model": "portfolio.docente", "pk": 44, "fields": {"nome": "Houda Harkat", "email": "p7558@ulusofona.pt"}}, {"model": "portfolio.docente", "pk": 45, "fields": {"nome": "Duarte Nuno Donas Botto Neves", "email": ""}}, {"model": "portfolio.docente", "pk": 46, "fields": {"nome": "Muratore, Giosu\u00e8", "email": "p8344@ulusofona.pt"}}, {"model": "portfolio.docente", "pk": 47, "fields": {"nome": "Marcelo Garcia Domingues", "email": ""}}, {"model": "portfolio.docente", "pk": 48, "fields": {"nome": "Marina Pereira Martins", "email": ""}}, {"model": "portfolio.docente", "pk": 49, "fields": {"nome": "Lu\u00eds Filipe Duarte Sousa", "email": ""}}, {"model": "portfolio.docente", "pk": 50, "fields": {"nome": "Jo\u00e3o Pedro Cunha da Silva Eleut\u00e9rio", "email": ""}}, {"model": "portfolio.docente", "pk": 51, "fields": {"nome": "Paulo Guedes", "email": "paulo.guedes60@yahoo.com"}}, {"model": "portfolio.docente", "pk": 52, "fields": {"nome": "Alexander Mikovic", "email": ""}}, {"model": "portfolio.docente", "pk": 53, "fields": {"nome": "Cristina Guerra", "email": ""}}, {"model": "portfolio.docente", "pk": 54, "fields": {"nome": "Pedro Alves", "email": ""}}, {"model": "portfolio.docente", "pk": 55, "fields": {"nome": "Brena Lima", "email": ""}}, {"model": "portfolio.docente", "pk": 56, "fields": {"nome": "Bruno Saraiva", "email": ""}}, {"model": "portfolio.docente", "pk": 57, "fields": {"nome": "Lucio Studer", "email": ""}}, {"model": "portfolio.docente", "pk": 58, "fields": {"nome": "Rodrigo Correia", "email": ""}}, {"model": "portfolio.docente", "pk": 59, "fields": {"nome": "Wellington Oliveira", "email": ""}}, {"model": "portfolio.docente", "pk": 60, "fields": {"nome": "Maria Silva", "email": ""}}, {"model": "portfolio.docente", "pk": 61, "fields": {"nome": "Andr\u00e9 Fonseca", "email": ""}}, {"model": "portfolio.docente", "pk": 62, "fields": {"nome": "Sofia Fernandes", "email": ""}}, {"model": "portfolio.docente", "pk": 63, "fields": {"nome": "Jo\u00e3o P. Carvalho", "email": ""}}, {"model": "portfolio.docente", "pk": 64, "fields": {"nome": "Carlos Fernandes", "email": ""}}, {"model": "portfolio.docente", "pk": 65, "fields": {"nome": "Daniel Fernandes", "email": ""}}, {"model": "portfolio.docente", "pk": 66, "fields": {"nome": "S\u00e9rgio Ferreira", "email": ""}}, {"model": "portfolio.docente", "pk": 67, "fields": {"nome": "Bruno Cipriano", "email": ""}}, {"model": "portfolio.docente", "pk": 68, "fields": {"nome": "Duarte Neves", "email": ""}}, {"model": "portfolio.docente", "pk": 69, "fields": {"nome": "Ricardo Santos", "email": ""}}, {"model": "portfolio.docente", "pk": 70, "fields": {"nome": "Diogo Morais", "email": ""}}, {"model": "portfolio.docente", "pk": 71, "fields": {"nome": "Tom\u00e1z Saraiva", "email": ""}}, {"model": "portfolio.docente", "pk": 72, "fields": {"nome": "Guilherme Antunes", "email": ""}}, {"model": "portfolio.docente", "pk": 73, "fields": {"nome": "Pedro Serra", "email": ""}}, {"model": "portfolio.docente", "pk": 74, "fields": {"nome": "Rui Ribeiro", "email": ""}}, {"model": "portfolio.docente", "pk": 75, "fields": {"nome": "Luis A. Gomes", "email": ""}}, {"model": "portfolio.docente", "pk": 76, "fields": {"nome": "Jo\u00e3o Craveiro", "email": ""}}, {"model": "portfolio.docente", "pk": 77, "fields": {"nome": "Daniel M. Silveira", "email": ""}}, {"model": "portfolio.docente", "pk": 78, "fields": {"nome": "Jo\u00e3o Madeira", "email": ""}}, {"model": "portfolio.docente", "pk": 79, "fields": {"nome": "Pedro Perdig\u00e3o", "email": ""}}, {"model": "portfolio.docente", "pk": 80, "fields": {"nome": "Rui Santos", "email": ""}}, {"model": "portfolio.docente", "pk": 81, "fields": {"nome": "Jo\u00e3o Lic\u00ednio", "email": ""}}, {"model": "portfolio.docente", "pk": 82, "fields": {"nome": "S\u00e9rgio Nunes", "email": ""}}, {"model": "portfolio.docente", "pk": 83, "fields": {"nome": "Manuel M. Pita", "email": ""}}, {"model": "portfolio.docente", "pk": 84, "fields": {"nome": "Concei\u00e7\u00e3o Costa", "email": ""}}, {"model": "portfolio.docente", "pk": 85, "fields": {"nome": "Miguel Tavares", "email": ""}}, {"model": "portfolio.docente", "pk": 86, "fields": {"nome": "Gabriela Soares", "email": ""}}, {"model": "portfolio.licenciatura", "pk": 1, "fields": {"nome": "Engenharia Inform\u00e1tica", "grau": "Licenciatura", "duracao_anos": 3, "instituicao": "Universidade Lus\u00f3fona", "ects_totais": 180, "docentes": [1, 2, 3, 4, 5, 6, 7, 8, 9, 10, 11, 12, 13, 14, 15, 16, 17, 18, 19, 20, 21, 22, 23, 24, 25, 26, 27, 28, 29, 30, 31, 32, 33, 34, 35, 36, 37, 38, 39, 40, 41, 42, 43, 44, 45, 46, 47, 48, 49, 50, 51]}}, {"model": "portfolio.unidadecurricular", "pk": 1, "fields": {"licenciatura": 1, "nome": "Fundamentos de F\u00edsica", "ano": 1, "semestre": "1\u00ba Semestre", "ects": 6, "docentes": [1, 52, 53]}}, {"model": "portfolio.unidadecurricular", "pk": 2, "fields": {"licenciatura": 1, "nome": "Fundamentos de Programa\u00e7\u00e3o", "ano": 1, "semestre": "1\u00ba Semestre", "ects": 6, "docentes": [54, 55, 56, 57, 58, 59]}}, {"model": "portfolio.unidadecurricular", "pk": 3, "fields": {"licenciatura": 1, "nome": "Matem\u00e1tica Discreta", "ano": 1, "semestre": "1\u00ba Semestre", "ects": 6, "docentes": [44, 60]}}, {"model": "portfolio.unidadecurricular", "pk": 4, "fields": {"licenciatura": 1, "nome": "Matem\u00e1tica I", "ano": 1, "semestre": "1\u00ba Semestre", "ects": 6, "docentes": [23, 61, 62]}}, {"model": "portfolio.unidadecurricular", "pk": 5, "fields": {"licenciatura": 1, "nome": "Sistemas Digitais", "ano": 1, "semestre": "1\u00ba Semestre", "ects": 6, "docentes": [63, 64, 65, 66]}}, {"model": "portfolio.unidadecurricular", "pk": 6, "fields": {"licenciatura": 1, "nome": "\u00c1lgebra Linear", "ano": 1, "semestre": "2\u00ba Semestre", "ects": 5, "docentes": [60, 62]}}, {"model": "portfolio.unidadecurricular", "pk": 7, "fields": {"licenciatura": 1, "nome": "Algoritmia e Estruturas de Dados", "ano": 1, "semestre": "2\u00ba Semestre", "ects": 6, "docentes": [54, 58, 59, 67, 68]}}, {"model": "portfolio.unidadecurricular", "pk": 8, "fields": {"licenciatura": 1, "nome": "Arquitetura de Computadores", "ano": 1, "semestre": "2\u00ba Semestre", "ects": 5, "docentes": [51, 65, 66, 69]}}, {"model": "portfolio.unidadecurricular", "pk": 9, "fields": {"licenciatura": 1, "nome": "Compet\u00eancias Comportamentais", "ano": 1, "semestre": "2\u00ba Semestre", "ects": 4, "docentes": [70, 71]}}, {"model": "portfolio.unidadecurricular", "pk": 10, "fields": {"licenciatura": 1, "nome": "Linguagens de Programa\u00e7\u00e3o I", "ano": 1, "semestre": "2\u00ba Semestre", "ects": 5, "docentes": [54, 67, 68]}}, {"model": "portfolio.unidadecurricular", "pk": 11, "fields": {"licenciatura": 1, "nome": "Matem\u00e1tica II", "ano": 1, "semestre": "2\u00ba Semestre", "ects": 5, "docentes": [23, 61, 72]}}, {"model": "portfolio.unidadecurricular", "pk": 12, "fields": {"licenciatura": 1, "nome": "Arquiteturas Avan\u00e7adas de Computadores", "ano": 2, "semestre": "1\u00ba Semestre", "ects": 5, "docentes": [59, 65, 73]}}, {"model": "portfolio.unidadecurricular", "pk": 13, "fields": {"licenciatura": 1, "nome": "Bases de Dados", "ano": 2, "semestre": "1\u00ba Semestre", "ects": 6, "docentes": [33, 74, 75]}}, {"model": "portfolio.unidadecurricular", "pk": 14, "fields": {"licenciatura": 1, "nome": "Desenvolvimento de Interfaces Web", "ano": 2, "semestre": "1\u00ba Semestre", "ects": 3, "docentes": []}}, {"model": "portfolio.unidadecurricular", "pk": 15, "fields": {"licenciatura": 1, "nome": "Linguagens de Programa\u00e7\u00e3o II", "ano": 2, "semestre": "1\u00ba Semestre", "ects": 6, "docentes": [54, 67, 68]}}, {"model": "portfolio.unidadecurricular", "pk": 16, "fields": {"licenciatura": 1, "nome": "Processamento de Imagem", "ano": 2, "semestre": "1\u00ba Semestre", "ects": 4, "docentes": [44, 63]}}, {"model": "portfolio.unidadecurricular", "pk": 17, "fields": {"licenciatura": 1, "nome": "Sistemas Operativos", "ano": 2, "semestre": "1\u00ba Semestre", "ects": 6, "docentes": [76, 77, 78]}}, {"model": "portfolio.unidadecurricular", "pk": 18, "fields": {"licenciatura": 1, "nome": "Engenharia de Requisitos e Testes", "ano": 2, "semestre": "2\u00ba Semestre", "ects": 6, "docentes": [18, 74, 75]}}, {"model": "portfolio.unidadecurricular", "pk": 19, "fields": {"licenciatura": 1, "nome": "Probabilidades e Estat\u00edstica", "ano": 2, "semestre": "2\u00ba Semestre", "ects": 6, "docentes": [23, 72]}}, {"model": "portfolio.unidadecurricular", "pk": 20, "fields": {"licenciatura": 1, "nome": "Programa\u00e7\u00e3o Web", "ano": 2, "semestre": "2\u00ba Semestre", "ects": 6, "docentes": [57, 79, 80]}}, {"model": "portfolio.unidadecurricular", "pk": 21, "fields": {"licenciatura": 1, "nome": "Redes de Computadores", "ano": 2, "semestre": "2\u00ba Semestre", "ects": 6, "docentes": [44, 55, 76]}}, {"model": "portfolio.unidadecurricular", "pk": 22, "fields": {"licenciatura": 1, "nome": "Sistemas de Suporte \u00e0 Decis\u00e3o", "ano": 2, "semestre": "2\u00ba Semestre", "ects": 6, "docentes": [33, 74, 81]}}, {"model": "portfolio.unidadecurricular", "pk": 23, "fields": {"licenciatura": 1, "nome": "Trabalho Final de Curso", "ano": 3, "semestre": "Anual", "ects": 20, "docentes": [18, 23, 28, 33, 54, 56, 57, 58, 59, 60, 62, 63, 65, 66, 67, 68, 70, 73, 74, 75, 76, 77, 79, 80, 83, 86]}}, {"model": "portfolio.unidadecurricular", "pk": 24, "fields": {"licenciatura": 1, "nome": "Computa\u00e7\u00e3o Distribu\u00edda", "ano": 3, "semestre": "1\u00ba Semestre", "ects": 5, "docentes": [51, 82]}}, {"model": "portfolio.unidadecurricular", "pk": 25, "fields": {"licenciatura": 1, "nome": "Data Science", "ano": 3, "semestre": "1\u00ba Semestre", "ects": 5, "docentes": [28, 83]}}, {"model": "portfolio.unidadecurricular", "pk": 26, "fields": {"licenciatura": 1, "nome": "Engenharia de Software", "ano": 3, "semestre": "1\u00ba Semestre", "ects": 5, "docentes": [18, 79, 80]}}, {"model": "portfolio.unidadecurricular", "pk": 27, "fields": {"licenciatura": 1, "nome": "Intera\u00e7\u00e3o Humano-M\u00e1quina", "ano": 3, "semestre": "1\u00ba Semestre", "ects": 5, "docentes": [84, 85]}}, {"model": "portfolio.unidadecurricular", "pk": 28, "fields": {"licenciatura": 1, "nome": "Computa\u00e7\u00e3o M\u00f3vel", "ano": 3, "semestre": "2\u00ba Semestre", "ects": 5, "docentes": [54, 85]}}, {"model": "portfolio.unidadecurricular", "pk": 29, "fields": {"licenciatura": 1, "nome": "Intelig\u00eancia Artificial", "ano": 3, "semestre": "2\u00ba Semestre", "ects": 5, "docentes": [28, 83]}}, {"model": "portfolio.unidadecurricular", "pk": 30, "fields": {"licenciatura": 1, "nome": "Seguran\u00e7a Inform\u00e1tica", "ano": 3, "semestre": "2\u00ba Semestre", "ects": 5, "docentes": [82]}}, {"model": "portfolio.unidadecurricular", "pk": 31, "fields": {"licenciatura": 1, "nome": "Sistemas de Informa\u00e7\u00e3o na Nuvem", "ano": 3, "semestre": "2\u00ba Semestre", "ects": 5, "docentes": [74, 75, 80]}}, {"model": "portfolio.tfc", "pk": 1, "fields": {"titulo": "Gest\u00e3o de distribui\u00e7\u00e3o alimentar v2", "autores": "Tiago Henrique Duarte Da Silva Jorge", "orientadores": "Lu\u00eds Gomes", "licenciatura": 1, "ano": 2025, "link_pdf": "https://teses.deisi.ulusofona.pt/media/teses/Relatorio_Intercalar_DEISI2042.docx", "imagem": "https://teses.deisi.ulusofona.pt/media/teses/IMG_4272.jpeg", "sumario": "Ferramenta de gest\u00e3o alimentar", "palavras_chave": "Aplica\u00e7\u00e3o de transporte de mercadorias; Aplica\u00e7\u00e3o web. Cliente. Fatura. Fornecedor. Produtos.; BackOffice.", "areas": "empresarial; gest\u00e3o; sa\u00fade.", "tecnologias": "Bases de Dados; Docker; MySQL; PHP.", "rating": 4}}, {"model": "portfolio.tipotecnologia", "pk": 1, "fields": {"nome": "Frontend"}}, {"model": "portfolio.tipotecnologia", "pk": 2, "fields": {"nome": "Backend"}}, {"model": "portfolio.tipotecnologia", "pk": 3, "fields": {"nome": "Base de Dados"}}, {"model": "portfolio.tipotecnologia", "pk": 4, "fields": {"nome": "Storage"}}, {"model": "portfolio.tipotecnologia", "pk": 5, "fields": {"nome": "Outros"}}, {"model": "portfolio.tecnologia", "pk": 1, "fields": {"nome": "Django", "tipo": 2, "logo": "", "site_oficial": "https://www.djangoproject.com/", "nivel_interesse": 5, "descricao": "Framework web em Python que permite criar aplica\u00e7\u00f5es completas rapidamente, com ORM, sistema de admin autom\u00e1tico, autentica\u00e7\u00e3o e routing inclu\u00eddos.", "opiniao": "Gostei bastante. D\u00e1 para montar uma app funcional muito r\u00e1pido, o admin autom\u00e1tico poupa horas de trabalho. S\u00f3 custa um bocado a apanhar o jeito ao ORM no in\u00edcio."}}, {"model": "portfolio.tecnologia", "pk": 2, "fields": {"nome": "Python", "tipo": 2, "logo": "", "site_oficial": "https://www.python.org/", "nivel_interesse": 5, "descricao": "Linguagem de programa\u00e7\u00e3o usada como base de todo o projeto Django, incluindo os scripts de webscraping e carregamento de dados.", "opiniao": "A linguagem que uso para quase tudo. Sintaxe simples, mas \u00e0s vezes sinto que falta a rigidez de outras linguagens mais baixo n\u00edvel, tipo C."}}, {"model": "portfolio.tecnologia", "pk": 3, "fields": {"nome": "HTML5", "tipo": 1, "logo": "", "site_oficial": "https://developer.mozilla.org/en-US/docs/Web/HTML", "nivel_interesse": 4, "descricao": "Linguagem de marca\u00e7\u00e3o usada para estruturar o conte\u00fado das p\u00e1ginas e templates Django.", "opiniao": "B\u00e1sico mas essencial. N\u00e3o \u00e9 propriamente 'divertido' de escrever, mas sem ele n\u00e3o h\u00e1 nada."}}, {"model": "portfolio.tecnologia", "pk": 4, "fields": {"nome": "CSS3", "tipo": 1, "logo": "", "site_oficial": "https://developer.mozilla.org/en-US/docs/Web/CSS", "nivel_interesse": 4, "descricao": "Usado para estilizar todas as p\u00e1ginas do projeto (cards, cores, layout responsivo).", "opiniao": "Adoro e odeio ao mesmo tempo. Quando funciona \u00e9 satisfat\u00f3rio, quando n\u00e3o funciona d\u00e1 cabo da cabe\u00e7a."}}, {"model": "portfolio.tecnologia", "pk": 5, "fields": {"nome": "SQLite", "tipo": 3, "logo": "", "site_oficial": "https://www.sqlite.org/", "nivel_interesse": 4, "descricao": "Base de dados usada por defeito pelo Django em desenvolvimento, guarda todos os dados do projeto num \u00fanico ficheiro.", "opiniao": "Pr\u00e1tico para desenvolvimento, zero configura\u00e7\u00e3o"}}, {"model": "portfolio.tecnologia", "pk": 6, "fields": {"nome": "Git", "tipo": 5, "logo": "", "site_oficial": "https://git-scm.com/", "nivel_interesse": 4, "descricao": "Sistema de controlo de vers\u00f5es usado para gravar o hist\u00f3rico de altera\u00e7\u00f5es do projeto.", "opiniao": "Bastante \u00fatil"}}, {"model": "portfolio.tecnologia", "pk": 7, "fields": {"nome": "GitHub", "tipo": 5, "logo": "", "site_oficial": "https://github.com/", "nivel_interesse": 5, "descricao": "Plataforma onde est\u00e1 alojado o reposit\u00f3rio do projeto, usada para guardar e partilhar o c\u00f3digo.", "opiniao": "Essencial para guardar o c\u00f3digo e mostrar trabalho (tipo para entrevistas de emprego no futuro)."}}, {"model": "portfolio.tecnologia", "pk": 8, "fields": {"nome": "GitHub Codespaces", "tipo": 5, "logo": "", "site_oficial": "https://github.com/features/codespaces", "nivel_interesse": 4, "descricao": "Ambiente de desenvolvimento na cloud, baseado em VS Code, usado para programar sem instalar nada localmente.", "opiniao": "GitHub Codespaces\": \"Pr\u00e1tico porque n\u00e3o temos de instalar nada localmente, mas de vez em quando deu-me problemas."}}, {"model": "portfolio.tecnologia", "pk": 9, "fields": {"nome": "Visual Studio Code", "tipo": 5, "logo": "", "site_oficial": "https://code.visualstudio.com/", "nivel_interesse": 5, "descricao": "Editor de c\u00f3digo usado (via Codespaces) para escrever todo o projeto.", "opiniao": "Excelente editor e leve"}}, {"model": "escola_online.professor", "pk": 1, "fields": {"nome": "Ana Ferreira", "email": "ana.ferreira@escola.pt"}}, {"model": "escola_online.professor", "pk": 2, "fields": {"nome": "Carlos Mendes", "email": "carlos.mendes@escola.pt"}}, {"model": "escola_online.professor", "pk": 3, "fields": {"nome": "Pep Guardiola", "email": "pep.guardiola@escolaonline.pt"}}, {"model": "escola_online.professor", "pk": 4, "fields": {"nome": "J\u00fcrgen Klopp", "email": "jurgen.klopp@escolaonline.pt"}}, {"model": "escola_online.aluno", "pk": 1, "fields": {"nome": "Bruno Alves", "numero": "2026001"}}, {"model": "escola_online.aluno", "pk": 2, "fields": {"nome": "Renata Sousa", "numero": "2026002"}}, {"model": "escola_online.aluno", "pk": 3, "fields": {"nome": "Jo\u00e3o Pereira", "numero": "2026003"}}, {"model": "escola_online.aluno", "pk": 4, "fields": {"nome": "Erling Haaland", "numero": "9"}}, {"model": "escola_online.aluno", "pk": 5, "fields": {"nome": "Cristiano Ronaldo", "numero": "7"}}, {"model": "escola_online.aluno", "pk": 6, "fields": {"nome": "Lionel Messi", "numero": "10"}}, {"model": "escola_online.aluno", "pk": 7, "fields": {"nome": "Neymar JR", "numero": "11"}}, {"model": "escola_online.curso", "pk": 1, "fields": {"nome": "Progama\u00e7\u00e3o Web", "imagem": "cursos/django.png", "professor": 1, "alunos": [1, 2]}}, {"model": "escola_online.curso", "pk": 2, "fields": {"nome": "Ciberseguran\u00e7a Ofensiva", "imagem": "cursos/OIP-3790979268.jpg", "professor": 3, "alunos": [4, 5, 6, 7]}}, {"model": "escola_online.curso", "pk": 3, "fields": {"nome": "Intelig\u00eancia Artificial e Machine Learning", "imagem": "cursos/1721738334698.jpg", "professor": 4, "alunos": [1, 2, 3, 4, 5, 6, 7]}}, {"model": "escola_online.curso", "pk": 4, "fields": {"nome": "Arquitetura de Software e Design de Sistemas", "imagem": "cursos/arquiteto-de-software-74a4a02a-d7f3-4483-91fd-c03a0b70db56.jpg", "professor": 1, "alunos": [1, 2, 3]}}, {"model": "artigos.artigo", "pk": 1, "fields": {"titulo": "Porque experimentei Linux e nunca mais voltei ao Windows", "texto": "H\u00e1 uns meses decidi experimentar Linux a s\u00e9rio, mais especificamente o CachyOS. No in\u00edcio custa, principalmente\r\nse vieres do Windows e est\u00e1s habituado a que tudo funcione \"por magia\" sem perceberes o que est\u00e1 por tr\u00e1s.\r\n\r\nMas depois de umas semanas a mexer no terminal, a configurar a fish shell e a perceber como o sistema\r\nrealmente funciona por dentro, percebi porque \u00e9 que tanta gente da \u00e1rea de programa\u00e7\u00e3o e ciberseguran\u00e7a\r\nprefere Linux. Tens muito mais controlo sobre o que o sistema faz, \u00e9 mais leve, e para programar (principalmente\r\ncom Python e Django, como neste projeto) sinto que tudo corre mais suave.\r\n\r\nN\u00e3o digo que \u00e9 para todos \u2014 se s\u00f3 queres abrir o browser e jogar, se calhar n\u00e3o vale a pena a dor de cabe\u00e7a\r\ninicial. Mas se gostas de perceber como as coisas funcionam por dentro, recomendo experimentares, nem que seja\r\nnuma m\u00e1quina virtual primeiro.", "fotografia": "", "link_externo": "https://cachyos.org/", "data_criacao": "2026-07-16T20:26:17.849Z", "autor": 3, "likes": 3, "dislikes": 0}}, {"model": "artigos.comentario", "pk": 1, "fields": {"artigo": 1, "autor": 3, "texto": "Concordo e subscrevo", "data_criacao": "2026-07-16T20:27:45.312Z"}}, {"model": "artigos.comentario", "pk": 2, "fields": {"artigo": 1, "autor": 3, "texto": "Muito bem", "data_criacao": "2026-07-16T20:43:25.853Z"}}]